WR, Yards Rec Until TD
L.Fitzgerald,33
T.Gonzalez,61
W.McGahee,3
B.Celek,14
B.Stokley,87
P.Harvin,36
D.Hester,66
C.Stuckey,61
R.Wayne,133
S.Nelson,11
M.Colston,9
M.Manningham,58
V.Jackson,44
S.Holmes,83
N.Burleson,68
M.Austin,42
T.Gonzalez,97
L.Evans,32
K.Davis,23
M.Manningham,115
T.Scheffler,31
C.Johnson,25
L.Coles,16
J.Wright,5
D.Bowe,56
D.Clark,111
D.Keller,31
M.Colston,24
D.Sproles,100
A.Johnson,37
L.Robinson,40
R.Wayne,168
D.Mason,150
R.Denney,25
W.Parker,27
D.Rosario,58
B.Johnson,21
J.Jones,39
S.Rice,47
C.Baker,42
B.Hartsock,2
B.Marshall,54
M.Bradley,23
J.Jones,78
D.Fells,25
S.Smith,217
W.Heller,14
C.Ochocinco,111
K.Moreno,9
S.Slaton,71
R.Wayne,173
M.Sims-Walker,64
S.Smith,226
B.Hartline,17
J.Finley,88
D.Mason,227
M.Moore,30
V.Davis,80
A.Bryant,38
L.Fitzgerald,114
R.Rice,106
C.Portis,25
W.Welker,8
H.Miller,82
M.Austin,258
B.Edwards,52
M.Manningham,155
J.Maclin,55
T.Houshmandzadeh,181
R.White,134
V.Shiancoe,56
R.Wayne,176
J.Knox,162
O.Daniels,122
J.Jones,131
D.Avery,88
V.Shiancoe,75
R.Moss,191
R.Meachem,55
L.Evans,99
Z.Miller,219
H.Miller,115
V.Jackson,184
L.Fitzgerald,126
L.Evans,124
C.Henry,117
S.Havner,45
R.White,145
S.Slaton,102
M.Floyd,136
M.Colston,218
H.Nicks,62
D.Clowney,60
M.Wallace,156
R.Wayne,237
W.Welker,88
D.Thomas,38
L.Stephens-Howling,22
D.Mason,267
S.Hurd,50
D.Fells,108
V.Shiancoe,103
V.Davis,100
M.Colston,246
B.Edwards,128
B.Celek,80
V.Jackson,261
N.Washington,47
T.Gonzalez,184
L.Fitzgerald,164
A.Caldwell,109
H.Ward,232
J.Addai,105
M.Sims-Walker,158
R.Moss,359
R.Meachem,132
V.Jackson,292
B.Celek,119
B.Pettigrew,54
J.Hill,12
J.Jones,241
J.Carlson,106
S.Smith,404
S.Havner,47
J.Addai,120
K.Sperry,5
W.Heller,34
J.Cotchery,272
M.Tolbert,42
D.Avery,139
L.Evans,187
B.Marshall,213
D.Clark,296
R.Williams,291
J.Avant,84
P.Crayton,145
L.Naanee,72
M.Massaquoi,189
G.Jennings,254
S.Slaton,122
T.Owens,344
H.Ward,314
P.Harvin,171
R.Moss,369
K.Boss,39
Z.Miller,266
A.Boldin,239
M.Clayton,149
J.Norwood,63
S.Holmes,464
B.Hartline,101
J.Foschi,71
M.Austin,460
B.Stokley,104
D.Lee,75
V.Leach,61
P.Harvin,203
P.Thomas,95
D.Jackson,139
A.Gates,249
V.Davis,205
K.Britt,143
V.Shiancoe,161
L.Weaver,10
B.Edwards,223
E.Bennett,223
C.Johnson,310
M.Massaquoi,200
J.Finley,196
A.Collie,87
N.Hughes,35
D.Graham,97
R.Moss,427
R.Williams,314
S.Holmes,503
V.Davis,238
F.Davis,64
R.Bush,85
D.Mason,434
J.Knox,300
M.Austin,537
A.Johnson,439
A.Collie,92
T.Owens,365
S.Rice,364
S.Smith,633
B.Celek,176
F.Davis,70
V.Davis,243
C.Johnson,408
T.Heap,199
R.Moss,440
S.Smith,729
B.Marshall,369
A.Boldin,364
D.Clark,368
C.Chambers,139
M.Austin,586
B.Edwards,325
D.Jackson,190
M.Wallace,305
A.Gates,259
J.Carlson,149
D.Amendola,94
J.Gage,125
S.Smith,765
L.Fitzgerald,297
R.White,227
G.Olsen,177
L.Coles,168
M.Massaquoi,270
B.Jackson,50
A.Johnson,578
R.Moss,442
R.Meachem,210
M.Muhammad,266
D.Jackson,214
T.Heap,229
V.Davis,261
A.Gates,301
R.Williams,387
R.Parrish,51
M.Forte,290
K.Walter,201
M.Lewis,196
A.Gates,349
W.Welker,287
D.Henderson,295
H.Nicks,234
D.Driver,286
D.Butler,67
L.Fitzgerald,340
M.Massaquoi,311
N.Washington,260
M.Austin,686
R.White,345
E.Graham,51
D.Mason,497
J.Cribbs,109
G.Olsen,220
E.Royal,212
D.Jackson,259
D.Driver,324
D.Clark,517
B.Hartline,140
W.Welker,312
M.Clayton,269
A.Gates,370
R.Bush,107
N.Washington,294
J.Jones,384
Z.Miller,325
A.Boldin,525
C.Benson,63
G.Jennings,348
A.Collie,233
R.Williams,452
D.Jackson,320
D.McCluster,31
D.Keller,326
T.Scheffler,157
R.Moss,453
J.Shockey,262
K.Britt,266
J.Carlson,220
D.Fells,206
M.Wallace,450
V.Davis,340
B.Edwards,393
E.Moore,119
D.Driver,353
D.Clark,571
D.Bess,290
L.Moore,93
J.Dreessen,58
C.Cooley,263
T.Houshmandzadeh,400
A.Gates,422
B.Gibson,92
E.Royal,258
R.Meachem,276
B.Lloyd,138
L.Evans,359
T.Owens,527
P.Hillis,92
N.Washington,361
C.Johnson,568
H.Nicks,398
R.Moss,513
A.Gates,441
M.Crabtree,300
D.Lee,116
D.Butler,150
B.Edwards,481
D.Bess,292
M.Vrabel,2
K.Britt,299
R.Williams,474
T.Heap,432
N.Burleson,321
D.Jackson,354
M.Wallace,514
M.Crabtree,357
D.Alexander,59
L.Moore,172
P.Garcon,476
B.Finneran,60
L.Evans,392
D.Gettis,102
S.Moss,326
J.Witten,405
Z.Miller,397
A.Quarless,9
M.Jones-Drew,201
H.Ward,628
D.Thomas,201
A.Gates,454
M.Williams,149
D.Amendola,243
K.Britt,325
L.Fitzgerald,470
T.Owens,543
M.Sims-Walker,266
C.Johnson,610
J.Tamme,34
St. Johnson,122
B.Tate,104
M.Colston,617
M.Reece,30
A.Gates,556
M.Crabtree,423
D.Amendola,266
A.Benn,30
W.McGahee,43
G.Olsen,263
J.Shockey,342
T.Owens,592
A.Hernandez,203
B.Pettigrew,119
B.Jackson,128
S.Ajirotutu,109
A.Peterson,169
V.Tucker,11
D.Jackson,363
H.Nicks,457
D.Butler,230
J.Snelling,143
F.Jackson,166
G.Olsen,283
J.Cotchery,612
K.Moreno,114
C.Ochocinco,488
A.Johnson,818
P.Cobbs,45
D.Bryant,147
R.Gronkowski,88
D.Amendola,310
A.Benn,38
D.Jackson,451
T.Houshmandzadeh,527
C.Ochocinco,499
N.Burleson,391
P.Hillis,138
D.Bowe,536
G.Jennings,535
W.Welker,381
M.Colston,662
B.Edwards,571
T.Beckum,63
E.Sanders,57
M.Floyd,482
M.Williams,399
M.Hoomanawanui,56
S.Moss,379
M.Crabtree,485
T.Gonzalez,383
T.Heap,508
F.Jackson,247
E.Bennett,344
L.Moore,300
M.Hoomanawanui,92
C.Johnson,712
A.Johnson,864
J.Tamme,106
M.Manningham,463
J.Shipley,75
P.Cobbs,74
D.Bowe,576
F.Davis,109
A.Boldin,712
T.Owens,684
C.Johnson,769
G.Jennings,632
P.Garcon,569
L.Pope,85
B.Watson,391
S.Rice,539
D.Branch,257
A.Armstrong,129
J.Jones,699
J.Ford,42
O.Mughelli,54
D.Nelson,54
T.Gonzalez,418
R.Gronkowski,95
T.Herremans,2
W.Heller,65
D.Mason,730
D.McFadden,227
K.Boss,301
M.Colston,840
B.Marshall,614
M.Floyd,518
V.Davis,547
P.Garcon,608
K.Winslow,351
J.Graham,165
J.King,167
R.Royal,77
M.Austin,797
A.Collie,349
D.Nelson,92
P.Harvin,461
J.Jones,776
M.Manningham,527
B.Lloyd,413
M.Spaeth,33
V.Jackson,478
J.Snelling,158
L.Pope,87
N.Burleson,445
N.Washington,467
A.Roberts,148
R.White,586
R.Gronkowski,151
J.Knox,615
J.Gresham,241
B.Robiskie,166
O.Daniels,339
J.Nelson,240
M.Thomas,289
J.Charles,276
B.Pettigrew,284
J.Tamme,191
C.Harbor,9
M.Wallace,727
M.Crabtree,591
K.Winslow,376
S.Smith,1143
A.Boldin,753
M.Forte,504
J.Gresham,273
M.Reece,55
G.Jennings,691
A.Johnson,995
K.Britt,450
S.Chandler,4
R.Gronkowski,177
D.Bryant,218
M.Jenkins,385
G.Tate,57
L.McCoy,253
C.Johnson,982
A.Armstrong,165
R.White,603
St.Johnson,53
B.LaFell,118
E.Decker,66
C.Johnson,1010
E.Moore,196
O.Daniels,365
A.Benn,215
A.Hernandez,262
D.Sanzenbacher,8
H.Nicks,758
S.Holmes,830
M.Wallace,800
K.Williams,65
R.Rice,272
J.King,194
W.Welker,604
M.Thomas,350
J.Finley,333
D.Thomas,290
M.Wallace,929
V.Shiancoe,290
O.Daniels,391
L.Tomlinson,266
B.Jacobs,121
D.Bowe,652
L.Fitzgerald,792
T.Smith,74
T.Gonzalez,466
M.Willis,20
J.Ballard,51
G.Olsen,398
J.Gresham,352
C.Stevens,70
D.Bryant,306
J.Nelson,341
Z.Miller,497
D.Aromashodu,167
W.Welker,619
C.Harbor,37
V.Jackson,605
S.Rice,698
S.Moss,646
P.Garcon,750
R.White,730
J.Maclin,433
S.Smith,1407
M.Floyd,612
C.Johnson,1108
K.Walter,301
P.Garcon,765
A.Green,206
D.Branch,393
B.Obomanu,150
H.Miller,524
D.Walker,145
J.Jones,1150
D.Hester,445
A.Green,217
B.Pettigrew,386
J.Jones,1185
W.Welker,757
N.Roosevelt,99
S.Holmes,956
K.Boss,399
M.Wallace,1045
M.Colston,916
B.Celek,224
H.Miller,554
B.LaFell,211
D.Bryant,425
R.White,787
A.Boldin,900
A.Fasano,383
V.Shiancoe,332
M.Colston,937
A.Gates,603
R.Williams,721
J.Dreessen,156
E.Doucet,255
S.Chandler,32
G.Olsen,519
T.Young,71
J.Hill,185
J.Baldwin,80
M.Manningham,670
J.Maclin,469
M.Moore,135
J.Simpson,61
M.Crabtree,643
B.Lloyd,564
N.Washington,578
L.Fitzgerald,1067
S.Holmes,983
J.Witten,814
J.Cribbs,254
J.Jones,1314
A.Fasano,386
A.Hernandez,354
L.Moore,412
E.Decker,115
M.Spaeth,38
M.Wallace,1100
V.Jackson,700
D.Williams,324
B.Miller,54
J.Graham,319
D.Williams,367
T.Scheffler,265
J.Cotchery,673
B.Lloyd,682
D.Bryant,535
G.Jennings,832
J.Dillard,99
E.Decker,171
R.Gronkowski,323
L.Fitzgerald,1119
D.Moore,190
E.Dickson,265
M.Manningham,752
J.Jones,1400
T.Gonzalez,623
A.Boldin,1006
A.Gates,629
J.Cribbs,294
S.Smith,1683
T.Crabtree,42
C.Clay,122
C.Schilens,107
R.Gronkowski,383
S.Smith,1697
K.Williams,122
B.Lloyd,712
D.Bryant,557
H.Douglas,248
D.Pitta,168
J.Norwood,211
L.Robinson,310
G.Jennings,841
R.Wayne,1122
J.Dreessen,203
W.Saunders,2
L.Moore,456
D.Nelson,180
J.Knox,766
W.Welker,972
A.Gates,643
F.Davis,328
B.Lloyd,777
M.Williams,661
D.Bryant,604
St.Johnson,263
D.McCluster,167
E.Moore,281
J.Dreessen,206
M.Jones-Drew,369
D.Bess,636
K.Rudolph,59
R.Gronkowski,438
R.Meachem,610
T.Beckum,159
M.Wallace,1125
G.Tate,139
M.Crabtree,957
L.Naanee,346
S.Holmes,1133
E.Doucet,430
T.Smith,259
R.White,866
J.Simpson,164
J.Phillips,53
D.Thomas,406
T.Young,222
R.Taylor,4
M.Jones-Drew,388
B.Marshall,1081
S.Holmes,1137
J.Cotchery,684
A.Gates,700
D.Baldwin,221
M.Colston,1129
R.Gronkowski,498
A.Roberts,347
J.Jones,1464
A.Fasano,551
K.Bell,55
C.Ochocinco,792
S.Smith,1800
R.Wayne,1177
D.Driver,486
L.Moore,477
S.Moss,721
C.Johnson,1427
B.Celek,401
E.Dickson,363
D.Alexander,226
M.Austin,927
E.Dickson,368
D.Fells,344
A.Benn,290
J.Gresham,437
B.Celek,414
B.Pettigrew,472
J.Finley,426
D.Moore,298
B.Marshall,1147
J.Jones,1554
J.Baker,27
D.Baldwin,247
J.Cook,353
D.Stallworth,107
S.Rice,818
A.Boldin,1173
B.Marshall,1186
J.Maclin,577
H.Miller,817
B.Gibson,465
R.Moss,593
A.Johnson,1232
J.Jones,1644
C.Shorts,99
J.Graham,508
K.Ogletree,137
J.Kerley,92
M.Floyd,702
M.Williams,708
A.Hernandez,561
D.Thomas,535
S.Chandler,131
J.Stewart,244
A.Green,451
T.Crabtree,76
D.Allen,3
M.Jones-Drew,411
M.Goodson,197
A.Roberts,380
V.Jackson,921
J.Jones,1665
S.Holmes,1182
D.Rosario,355
M.Austin,977
V.Davis,988
L.Hankerson,182
M.Floyd,751
T.Smith,336
M.Bennett,221
T.Graham,9
A.Johnson,1299
T.Hilton,40
J.Kerley,210
K.Rudolph,155
L.Moore,541
H.Miller,821
Jz. Rodgers,19
G.Tate,241
J.Cook,416
A.Green,524
L.Fitzgerald,1297
G.Olsen,627
T.Smith,400
S.Chandler,173
M.Austin,1125
J.Dreessen,288
Ja.Jones,21
J.Casey,90
M.Lewis,601
E.Royal,425
D.Jackson,1016
D.Amendola,565
V.Jackson,974
G.Tate,279
A.Green,584
Ja.Jones,27
A.Jeffery,72
P.Harvin,1028
W.Welker,1216
R.Meachem,699
J.Gordon,62
O.Daniels,778
L.McCoy,364
K.Williams,260
L.Kendricks,195
J.Jones,1749
L.Fitzgerald,1323
R.White,1090
T.Smith,462
J.Gresham,539
J.Nelson,650
M.Moore,188
S.Hill,21
L.McCoy,369
A.Gates,742
W.Welker,1268
V.Cruz,442
M.Williams,929
M.Wallace,1452
D.Young,95
F.Jackson,345
B.LaFell,396
B.Marshall,1415
A.Green,592
K.Walter,565
G.Little,257
P.Harvin,1097
R.Gronkowski,646
S.Moss,827
C.Shorts,203
D.Walker,260
J.Nelson,728
T.Underwood,56
M.Crabtree,1237
K.Davis,147
D.Sproles,537
R.Broyles,25
R.Cobb,91
D.Moore,430
P.Harvin,1147
A.Fasano,681
DJ.Davis,30
S.Moss,837
C.Givens,196
K.Wright,72
K.Ogletree,349
E.Decker,305
T.Smith,532
R.Cobb,104
O.Daniels,825
R.Wayne,1416
M.Spurlock,14
D.Jackson,1164
E.Sanders,263
V.Jackson,1084
A.Gates,791
G.Tate,318
B.Marshall,1493
S.Smith,2067
D.Pitta,344
G.Olsen,748
A.Foster,357
A.Green,725
C.Shorts,328
K.Wright,99
J.Wright,84
R.Gronkowski,672
J.Graham,666
R.Cooper,175
M.Wallace,1518
G.Tate,356
B.Quick,55
D.Alexander,331
D.Bess,978
N.Byham,15
B.Watson,602
D.Thomas,741
J.Finley,513
K.Martin,9
A.Green,729
R.Gronkowski,728
L.Moore,652
V.Davis,1157
C.Schilens,228
D.Young,101
L.Kendricks,232
M.Spaeth,51
M.Sanu,26
J.Cameron,40
A.Robinson,95
M.Thomas,547
T.Hilton,128
C.Shorts,410
J.Tamme,398
A.McCoy,74
D.Thomas,764
J.Nelson,823
W.Welker,1312
G.Barnidge,128
M.Floyd,1007
J.Jones,2177
T.Gonzalez,1018
A.Boldin,1585
S.Chandler,287
E.Bennett,686
D.Bryant,1024
D.Clark,781
D.Avery,464
Ja.Jones,93
G.Olsen,795
W.Welker,1394
J.Gordon,266
J.Gresham,622
L.Jean,63
M.Bennett,336
L.Smith,44
G.Olsen,824
A.Hawkins,174
T.Scheffler,401
J.Cook,477
A.Jeffery,95
A.Hernandez,673
M.Bennett,342
J.Dreessen,321
D.Alexander,411
Z.Miller,717
A.Fasano,700
V.Jackson,1254
J.Morgan,592
T.Gonzalez,1030
E.Decker,484
Z.Miller,729
B.Marshall,1680
L.Hankerson,322
J.Witten,1247
A.Johnson,1614
J.Lane,45
R.Moss,750
D.Thomas,806
R.Cooper,248
D.Williams,602
B.Quick,68
J.Cumberland,174
B.Marshall,1728
T.Smith,604
S.Smith,2162
D.Bryant,1105
D.Thomas,863
R.White,1522
R.Cobb,220
K.Rudolph,261
J.Blackmon,312
R.Wayne,1672
R.Bush,404
D.Alexander,480
J.Maclin,772
A.Brown,847
M.Lynch,299
L.Kendricks,386
J.Edelman,168
S.Smith,2194
M.Bennett,350
J.Cameron,108
J.Witten,1309
V.Leach,216
R.Bush,503
R.Wayne,1712
D.Avery,508
T.Gonzalez,1037
M.Williams,1050
J.Cotchery,891
R.Mathews,242
V.Davis,1208
L.Fitzgerald,1507
D.Jackson,1280
C.Johnson,2270
S.Jackson,664
M.Brown,45
G.Olsen,960
B.Marshall,1780
G.Bernard,27
R.Cobb,315
K.Wright,158
M.Wallace,1606
J.Charles,378
A.Dobson,39
W.Welker,1468
C.Harbor,165
E.Royal,475
M.Lynch,341
K.Ogletree,363
B.LaFell,570
J.Jones,2349
D.Bryant,1120
E.Decker,559
J.Snelling,317
J.Gordon,399
K.Thompkins,16
R.Meachem,735
S.Hill,188
J.Avant,524
A.Brown,1045
Z.Miller,768
A.Gates,872
J.Fauria,31
T.Gonzalez,1162
M.Brown,80
J.Cameron,189
W.Welker,1516
C.Johnson,2356
G.Graham,60
C.Fleener,108
S.McGrath,24
G.Jennings,1048
J.Graham,778
M.Rivera,50
D.Woodhead,267
A.Boldin,1729
M.Williams,1136
N.Washington,934
J.Dray,78
J.Snelling,331
P.Thomas,392
J.Gordon,467
D.Bryant,1122
J.Jones,2467
G.Tate,519
C.Clay,265
R.Randle,139
R.Streater,234
V.Davis,1322
J.Blackmon,379
C.Johnson,2405
J.Nelson,1034
A.Green,945
B.Marshall,1860
C.Ogbonnaya,191
T.Williams,52
J.Thomas,53
C.Harkey,2
D.Moore,582
S.Smith,2312
T.Cadet,30
E.Sanders,593
K.Allen,98
L.Fitzgerald,1652
V.Jackson,1415
S.Rice,1202
J.Rodgers,129
Z.Stacy,29
A.Green,1027
J.Finley,639
E.Decker,615
E.Royal,509
D.Hopkins,112
C.Clay,272
R.Randle,192
J.Kerley,519
T.Williams,122
H.Miller,1070
C.Johnson,2503
J.Reed,249
L.Fitzgerald,1662
M.Jones,142
W.Welker,1522
C.Johnson,2592
V.Davis,1395
A.Sherman,77
J.Nelson,1045
B.Gibson,725
L.Moore,701
E.Sanders,624
G.Tate,568
M.Tolbert,275
M.Goodwin,59
G.Olsen,1153
D.Bess,1221
J.Witten,1468
B.Marshall,1942
A.Johnson,1842
D.Amendola,811
J.Graham,935
B.Celek,710
T.Wright,44
J.Cook,618
E.Royal,529
A.Johnson,1849
J.Kearse,90
T.Smith,902
B.Marshall,2003
D.Jackson,1531
T.Austin,90
P.Garcon,1191
M.Colston,1530
R.Randle,217
J.Cotchery,960
J.Thomas,146
R.Matthews,119
T.Thompson,9
T.Graham,290
B.LaFell,715
T.Smith,928
J.Gresham,841
J.Thomas,155
D.Moore,646
D.Noble,62
A.Gates,930
J.Hill,209
R.Randle,243
D.Young,178
A.Brown,1288
J.Wright,244
B.Rainey,4
D.Walker,554
L.Fitzgerald,1666
J.Graham,1002
J.Jones,2633
A.Brown,1371
N.Burleson,932
R.Ellison,66
D.Avery,648
M.Wallace,1914
J.Tamme,440
J.Witten,1488
J.Hunter,112
M.Bennett,414
A.Boldin,1929
T.Smith,1067
T.Gonzalez,1312
B.LaFell,731
C.Harbor,209
D.Bryant,1320
J.Ross,5
R.Gronkowski,839
J.Hemingway,31
A.Jeffery,385
B.Hartline,1217
Z.Ertz,111
L.Green,85
Z.Miller,848
V.Davis,1484
L.Paulsen,174
L.Fitzgerald,1738
J.Simpson,521
D.Bryant,1322
M.Jones,239
J.Thomas,187
Dr.Davis,36
C.Shorts,709
G.Barnidge,198
M.Colston,1601
J.Kerley,546
D.Jackson,1672
E.Sanders,671
K.Allen,294
L.Willson,149
V.Jackson,1734
D.Bowe,1421
T.Gonzalez,1348
De.Williams,182
B.Marshall,2145
J.Witten,1547
A.Caldwell,342
J.Fauria,59
G.Whalen,31
A.Sanders,138
M.Hoomanawanui,172
G.Jennings,1218
D.Baldwin,649
J.Charles,598
A.Brown,1418
C.Harkey,56
M.Crabtree,1536
C.Johnson,2892
S.Vereen,91
J.Graham,1075
J.Wright,306
J.Jernigan,121
J.Boykin,96
D.Thomas,1114
M.Lewis,1015
D.Brown,226
D.Nelson,319
R.Cooper,433
K.Allen,316
Z.Miller,880
A.Boldin,2109
D.Bryant,1398
M.Floyd,1465
R.White,1816
S.Smith,2760
M.Bennett,488
V.Davis,1518
J.Thomas,278
C.Johnson,2986
D.Hopkins,219
D.Walker,644
L.Miller,71
R.Streater,389
A.Hurns,34
A.Brown,1530
R.Lockette,113
G.Jennings,1271
G.Olsen,1278
O.Daniels,984
M.Wallace,2108
J.Avant,627
M.Sanu,347
M.Austin,1553
J.Thomas,295
E.Decker,757
J.Doyle,2
M.Asiata,27
R.Randle,341
D.Hopkins,238
A.Gates,1075
M.Crabtree,1608
D.Walker,745
D.Young,203
M.Crabtree,1625
H.Douglas,659
E.Royal,600
A.Brown,1624
A.Dalton,18
K.Juszczyk,9
A.Quarless,97
A.Bradshaw,468
T.Kelce,47
R.Gronkowski,856
J.Hill,265
V.Cruz,1054
M.Bennett,495
D.Young,207
R.Lockette,152
B.Quick,418
S.Smith,2860
B.Marshall,2159
T.Williams,307
S.Watkins,109
D.Allen,181
J.Charles,621
R.White,1874
J.Ross,101
B.Leonhardt,10
M.Evans,60
E.Royal,663
F.Gore,687
L.Donnell,64
M.Forte,766
T.Williams,378
J.Thomas,316
G.Tate,864
R.Cobb,460
D.Allen,197
T.Wright,170
P.Thomas,551
R.Randle,388
B.Quick,432
A.Gates,1091
T.Kelce,105
K.Wright,694
J.Kearse,202
M.Floyd,1668
J.Morgan,616
R.Woods,246
K.Benjamin,120
J.Cameron,451
A.Bradshaw,478
J.Nelson,1236
T.Riddick,68
J.Amaro,42
A.Holmes,186
Z.Ertz,258
G.Escobar,35
L.Kendricks,518
T.Smith,1225
C.Harbor,352
O.Daniels,1028
S.Watkins,156
C.Clay,501
G.Escobar,74
E.Sanders,825
A.Johnson,2119
J.Nelson,1295
D.Allen,282
A.Robinson,285
S.Vereen,153
S.Taylor,17
A.Blue,21
A.Gates,1152
B.Cunningham,38
K.Wright,739
J.Maclin,881
D.Freeman,31
L.Willson,183
A.Hawkins,325
D.Bryant,1528
E.Sanders,883
R.Matthews,158
R.Gronkowski,915
R.Cobb,570
R.Woods,303
M.Wheaton,141
G.Jennings,1307
A.Foster,475
M.Sanu,521
M.Evans,130
J.Carlson,440
J.Maclin,951
A.Fasano,857
C.Clay,531
C.Ford,129
J.Edelman,442
C.Fleener,429
T.Smith,1274
A.Boldin,2239
J.Cook,890
L.Washington,146
C.Hogan,89
C.Johnson,3123
A.Quarless,107
J.Witten,1746
B.Cooks,204
T.Graham,384
B.Butler,47
J.Matthews,127
P.Parker,279
M.Evans,181
M.Floyd,1772
R.White,2003
R.Ellison,99
J.Watt,2
D.Adams,39
H.Nicks,1688
D.Baldwin,848
B.Gibson,753
J.Gresham,1014
L.Donnell,97
M.Floyd,1794
K.Britt,924
N.Washington,1456
R.Helu,193
J.Jones,3200
R.Woods,341
M.Evans,269
D.Thomas,1432
M.Sanu,563
T.Hilton,965
Ch.Johnson,22
T.Wright,174
S.Smith,2906
O.Beckham,36
A.Fasano,894
J.Casey,129
K.Allen,552
C.Helfet,72
A.Boldin,2322
J.Jones,3304
T.Smith,1307
C.Hogan,160
J.Matthews,246
A.Jeffery,568
R.Rodgers,51
R.Griffin,58
C.Fleener,551
P.Parker,285
D.Thomas,1470
K.Rudolph,371
B.Watson,778
R.Turbin,164
T.Mason,83
A.Green,1469
J.Charles,722
M.Bennett,557
J.Gresham,1069
T.Hilton,1069
C.Hogan,197
C.Johnson,3177
J.Nelson,1449
A.Hurns,153
B.Hartline,1401
P.Harvin,1309
K.Benjamin,277
B.Miller,282
M.Lynch,707
M.Floyd,1862
O.Beckham,162
J.Cook,952
D.Hester,628
O.Daniels,1130
M.Evans,282
J.Hill,379
G.Jennings,1423
H.Nicks,1730
T.Kelce,334
M.Wallace,2434
O.Beckham,178
D.Bryant,1556
D.Thomas,1586
P.Richardson,107
J.Conner,47
L.Willson,295
J.Cameron,615
M.Forte,928
J.Gresham,1095
T.Williams,423
C.Fiedorowicz,5
L.Washington,156
G.Jennings,1444
E.Weems,44
R.Gronkowski,1009
S.Watkins,377
A.Brown,1923
B.Ellington,17
O.Beckham,197
R.Cooper,560
JO.Brown,32
J.Jones,3515
P.Harvin,1380
J.Jones,3528
G.Escobar,82
T.Kelce,363
J.Cotchery,1232
R.Gronkowski,1044
T.Benjamin,306
T.Eifert,283
E.Ebron,92
J.Graham,1332
K.Wright,887
J.Reed,383
J.Edelman,625
T.Ginn,569
J.Bellamy,48
A.Green,1668
T.Benjamin,366
J.Jones,3557
E.Decker,956
A.Robinson,396
E.Sanders,1246
K.Rudolph,461
V.Jackson,2126
O.Beckham Jr.,143
A.Cooper,98
T.Williams,515
H.Miller,1388
P.Garcon,1532
L.Fitzgerald,2114
M.Jones,320
G.Olsen,1611
A.Holmes,325
J.Jones,3712
D.Thomas,1805
T.Montgomery,8
D.Hopkins,463
C.Clay,663
K.Allen,674
A.Hurns,322
O.Beckham Jr.,222
R.Mathews,367
J.Graham,1406
K.Wright,915
T.Austin,262
L.Hankerson,557
D.Harris,121
E.Royal,811
B.Tate,436
M.Wallace,2593
A.Hurns,365
J.Stoneburner,16
J.Hill,398
D.Heyward-Bey,678
K.Allen,702
D.Baldwin,1083
R.Rodgers,119
T.Ginn,607
R.Cooper,632
D.Carrier,39
K.Juszczyk,93
T.Eifert,336
D.Lewis,137
T.Riddick,107
T.Montgomery,39
A.Johnson,2290
D.Thomas,1908
S.Vereen,232
M.Reece,345
B.Watson,849
A.Gates,1258
A.Hurns,401
C.Hogan,276
J.Hill,411
G.Barnidge,363
L.Moore,869
J.Starks,159
D.Moncrief,91
A.Foster,562
K.Rudolph,485
R.White,2216
P.Garcon,1621
O.Beckham Jr.,349
M.Floyd,2022
R.Lockette,295
T.Smith,1414
D.McCluster,550
M.Floyd,2058
M.Tolbert,371
E.Ebron,179
M.Hoomanawanui,218
A.Robinson,548
M.Bryant,154
R.Matthews,283
J.Kerley,646
D.Street,43
C.Walford,56
T.Lockett,97
K.Wright,1000
M.Evans,381
C.Brate,65
M.Floyd,2076
G.Olsen,1761
A.Jeffery,674
T.Niklas,16
L.Willson,352
D.Hopkins,556
T.Kelce,498
R.Gronkowski,1290
O.Beckham Jr.,398
A.Holmes,330
A.Green,1895
T.Austin,403
S.Watkins,536
G.Olsen,1791
T.Eifert,399
C.Beasley,323
J.Doyle,30
J.Edelman,797
J.Hill,465
E.Decker,1082
M.Crabtree,1800
D.Woodhead,431
G.Celek,120
R.Randle,788
A.Hurns,428
D.Hopkins,609
C.West,169
B.Pettigrew,835
O.Beckham Jr.,514
Ka.Williams,26
R.Ellison,135
J.Huff,69
A.Brown,2353
M.Floyd,2124
Z.Miller,1028
J.Reed,511
T.Eifert,416
P.DiMarco,99
L.Kendricks,656
J.Stewart,430
D.Thomas,2294
D.Hopkins,707
J.Thomas,417
T.Williams,702
K.Rudolph,584
J.White,39
J.Huff,108
T.Lockett,144
A.Green,1992
J.Allen,41
C.Beasley,375
R.Gronkowski,1340
T.Riddick,221
E.Lacy,202
R.Griffin,134
C.Brate,102
D.Inman,91
S.Watkins,636
B.Marshall,2536
D.Baldwin,1152
V.McDonald,153
C.Stevens,240
D.Jackson,2077
S.Watkins,639
T.Smith,1511
A.Green,2094
E.Ebron,202
D.Parker,49
D.Baldwin,1193
J.White,43
B.Watson,901
B.Powell,212
M.Crabtree,1882
F.Gore,746
D.Thomas,2318
J.Nelson,1676
N.Williams,39
C.Stevens,250
D.Jackson,2157
Jo.Brown,161
T.Lockett,237
T.Ginn,833
A.Jeffery,803
A.Green,2183
G.Barnidge,670
S.Roberts,82
J.Starks,215
K.Martin,121
A.Hurns,575
A.Wilson,421
R.Randle,823
E.Decker,1136
S.Watkins,690
G.Tate,1232
M.Colston,1857
J.Maclin,1381
D.Bryant,1832
D.Moncrief,146
J.Jones,4293
S.Diggs,251
R.Gronkowski,1403
M.Burton,19
T.Ginn,859
A.Cooper,320
Z.Ertz,448
D.Thomas,2421
D.Woodhead,463
G.Barnidge,677
T.Kroft,22
T.Austin,460
J.Reed,657
L.Fitzgerald,2350
J.Jones,4463
C.Matthews,28
A.Green,2251
T.Jones,197
J.Maclin,1406
K.Rudolph,695
M.Hoomanawanui,235
B.Marshall,2646
D.Inman,155
J.Reed,707
K.Britt,1318
C.Sims,188
D.Hopkins,839
C.Hogan,409
M.Sanu,775
M.Wallace,2753
L.Donnell,285
K.Benjamin,372
D.Hopkins,876
E.Ebron,300
D.Woodhead,474
B.Cooks,406
Q.Enunwa,75
J.Matthews,481
D.Baldwin,1300
V.McDonald,189
D.Murray,609
A.Brown,2499
L.Fitzgerald,2405
M.Goodwin,202
T.Smith,1607
T.Burton,49
C.Coleman,31
F.Gore,796
A.Boldin,2611
D.Hopkins,903
K.Rudolph,748
D.Amendola,1105
W.Snead,294
J.Jones,4493
X.Grimble,20
T.Benjamin,679
J.Crowder,131
K.Rudolph,772
E.Sanders,1573
Z.Miller,1205
D.Adams,323
T.Hilton,1817
T.Kelce,666
D.Parker,168
C.Fleener,679
S.Shepard,114
J.Matthews,557
J.Graham,1635
B.Quick,516
S.Roberts,112
B.Quick,581
J.Tamme,824
S.Roberts,118
E.Royal,934
K.Stills,442
C.Fiedorowicz,105
K.Rudolph,784
L.McCoy,881
C.Spiller,476
D.Heyward-Bey,730
H.Henry,94
J.Kerley,786
D.Thomas,2533
J.Reed,813
C.Gillmore,210
M.Evans,817
A.Hawkins,494
C.Beasley,559
T.Coleman,93
T.Riddick,306
J.Nelson,1691
C.Meredith,59
J.Hunter,468
A.Johnson,2447
A.Thielen,176
Ty.Williams,147
S.Coates,174
J.Kerley,861
M.Floyd,2305
T.Smith,1686
A.Benn,367
M.Jones,666
B.Butler,247
J.Doyle,171
C.Hamilton,36
J.White,99
B.Cooks,550
R.Lewis,24
A.Holmes,368
H.Henry,126
J.Jones,4648
R.Matthews,354
J.Crowder,168
J.Tamme,853
B.LaFell,1262
D.Thomas,2578
A.Boldin,2673
D.Adams,411
B.Cooks,571
T.Austin,591
M.Goodwin,292
Q.Enunwa,252
D.Green-Beckham,138
J.White,131
S.Draughn,170
T.Lewan,10
J.Nelson,1885
D.Amendola,1137
J.Nelson,1915
A.Jeffery,1142
T.Eifert,515
A.Hawkins,499
J.Matthews,615
A.Gates,1456
C.Fiedorowicz,120
T.Kelce,751
B.Cooks,595
R.Shepard,19
K.Wright,1111
M.Wallace,2969
J.Witten,2370
J.Nelson,1941
A.Wilson,466
G.Olsen,2257
J.Marshall,70
G.Tate,1502
O.Beckham,355
J.Norwood,403
A.Gates,1486
J.Hunter,498
M.Ingram,144
M.Evans,910
D.Johnson,757
S.DeValve,25
D.Funchess,218
D.Baldwin,1651
J.Taylor,93
J.Adams,10
B.Powell,306
T.Gabriel,278
L.Bell,522
A.Gates,1516
C.Brate,238
D.Walker,1535
J.Crowder,312
T.Ginn,1035
G.Barnidge,758
C.Beasley,616
A.Robinson,873
D.Moncrief,200
A.Cross,8
J.Landry,779
A.Thielen,342
Z.Miller,1343
J.Richard,71
Z.Ertz,558
J.Edelman,970
D.Jackson,2387
T.Gabriel,313
B.Perriman,92
M.Lee,256
D.Brown,359
D.Harris,265
T.Williams,1102
J.Taylor,99
A.Boldin,2712
D.Inman,319
A.Brown,2702
C.Hyde,64
T.Austin,636
M.Mitchell,37
S.Roberts,181
D.Adams,428
M.Evans,1040
M.Floyd,2418
S.Ware,57
T.West,60
T.Eifert,577
R.Cobb,1274
D.Bryant,2131
C.Hogan,501
G.Tate,1647
D.Allen,464
M.Crabtree,2028
A.Brown,2738
D.Inman,354
T.Ginn,1093
S.Watkins,843
D.Funchess,283
T.Eifert,591
A.Boldin,2778
D.Adams,494
F.Gore,898
T.Hill,189
J.Hardy,137
K.Stills,545
M.Mitchell,51
T.Williams,1158
D.Sproles,1101
C.Hyde,77
E.Sanders,1814
T.Cadet,218
T.Gabriel,345
K.Aiken,342
C.Clay,956
J.Bellamy,218
E.Rogers,226
A.Humphries,197
E.Swoope,50
S.Shepard,168
R.Anderson,199
T.Benjamin,844
L.Willson,437
T.Ginn,1141
S.Watkins,911
J.Perkins,34
C.Thompson,175
B.Butler,330
J.Nelson,2109
B.LaFell,1544
T.Kelce,1174
C.Hyde,96
M.Bennett,797
C.Brate,328
D.Moncrief,224
N.Agholor,257
X.Grimble,56
J.Nelson,2200
